{"cameraMode":{"drawMode":0,"name":"Shaded","section":"Shading Mode"},"sceneLighting":true,"audioPlay":false,"sceneViewState":{"showFog":true,"showMaterialUpdate":false,"showSkybox":true,"showFlares":true,"showImageEffects":true,"showParticleSystems":true},"in2DMode":false,"pivot":{"x":2.121720790863037,"y":3.109222888946533,"z":-129.40814208984376},"rotation":{"x":-0.24969446659088136,"y":-0.7072100639343262,"z":0.2994423508644104,"w":-0.589817225933075},"size":18.310182571411134,"orthographic":false}