{"cameraMode":{"drawMode":0,"name":"Shaded","section":"Shading Mode"},"sceneLighting":true,"audioPlay":false,"sceneViewState":{"showFog":true,"showMaterialUpdate":false,"showSkybox":true,"showFlares":true,"showImageEffects":true,"showParticleSystems":true},"in2DMode":false,"pivot":{"x":76.35250091552735,"y":182.71099853515626,"z":-61.109840393066409},"rotation":{"x":-0.21248948574066163,"y":0.785006582736969,"z":-0.44678565859794619,"w":-0.37298423051834109},"size":160.80767822265626,"orthographic":false}