{"cameraMode":{"drawMode":0,"name":"Shaded","section":"Shading Mode"},"sceneLighting":true,"audioPlay":false,"sceneViewState":{"showFog":true,"showMaterialUpdate":false,"showSkybox":true,"showFlares":true,"showImageEffects":true,"showParticleSystems":true},"in2DMode":false,"pivot":{"x":-3.7899999618530275,"y":1.0,"z":-30.139999389648439},"rotation":{"x":0.04880722984671593,"y":-0.763093113899231,"z":0.05802835524082184,"w":0.6418267488479614},"size":22.169374465942384,"orthographic":true}