{"cameraMode":{"drawMode":0,"name":"Shaded","section":"Shading Mode"},"sceneLighting":true,"audioPlay":false,"sceneViewState":{"showFog":true,"showMaterialUpdate":false,"showSkybox":true,"showFlares":true,"showImageEffects":true,"showParticleSystems":true},"in2DMode":false,"pivot":{"x":-0.5842926502227783,"y":9.994356155395508,"z":-10.3890380859375},"rotation":{"x":-0.4001508951187134,"y":-0.029894113540649415,"z":0.013118463568389416,"w":-0.9159144163131714},"size":24.08419418334961,"orthographic":false}